player_id,player_display_name,team_2026,position,position_rank,position_rank_label,projected_fantasy_points
00-0034857,Josh Allen,BUF,QB,1,QB1,317.4
00-0033106,Jared Goff,DET,QB,2,QB2,271.2
00-0026498,Matthew Stafford,LA,QB,3,QB3,266.5
00-0034855,Baker Mayfield,TB,QB,4,QB4,264.3
00-0036389,Jalen Hurts,PHI,QB,5,QB5,263.2
00-0034796,Lamar Jackson,BAL,QB,6,QB6,260.0
00-0033873,Patrick Mahomes,KC,QB,7,QB7,255.4
00-0036355,Justin Herbert,LAC,QB,8,QB8,251.1
00-0036971,Trevor Lawrence,JAX,QB,9,QB9,242.4
00-0034869,Sam Darnold,SEA,QB,10,QB10,235.7
00-0036442,Joe Burrow,CIN,QB,11,QB11,217.2
00-0036264,Jordan Love,GB,QB,12,QB12,213.5
00-0023459,Aaron Rodgers,PIT,QB,13,QB13,210.5
00-0033077,Dak Prescott,DAL,QB,14,QB14,202.8
00-0035710,Daniel Jones,IND,QB,15,QB15,190.6
00-0037834,Brock Purdy,SF,QB,16,QB16,172.4
00-0039163,C.J. Stroud,HOU,QB,17,QB17,156.9
00-0039150,Bryce Young,CAR,QB,18,QB18,156.1
00-0030565,Geno Smith,NYJ,QB,19,QB19,149.0
00-0026158,Joe Flacco,CIN,QB,20,QB20,133.3
00-0036212,Tua Tagovailoa,ATL,QB,21,QB21,132.6
00-0036972,Mac Jones,SF,QB,22,QB22,129.3
00-0035228,Kyler Murray,MIN,QB,23,QB23,128.6
00-0039164,Anthony Richardson,IND,QB,24,QB24,121.4
00-0032268,Marcus Mariota,WAS,QB,25,QB25,118.3
00-0031503,Jameis Winston,NYG,QB,26,QB26,118.2
00-0033119,Jacoby Brissett,AZ,QB,27,QB27,114.1
00-0038579,Aidan O'Connell,LV,QB,28,QB28,102.6
00-0036945,Justin Fields,KC,QB,29,QB29,101.8
00-0032950,Carson Wentz,MIN,QB,30,QB30,92.3
00-0029604,Kirk Cousins,LV,QB,31,QB31,90.0
00-0037013,Zach Wilson,NO,QB,32,QB32,85.5
00-0036898,Davis Mills,HOU,QB,33,QB33,83.1
00-0031237,Teddy Bridgewater,DET,QB,34,QB34,82.3
00-0034771,Mason Rudolph,PIT,QB,35,QB35,78.0
00-0038416,Tyson Bagent,CHI,QB,36,QB36,78.0
00-0035704,Drew Lock,SEA,QB,37,QB37,73.1
00-0037012,Trey Lance,LAC,QB,38,QB38,62.4
00-0035264,Jarrett Stidham,DEN,QB,39,QB39,48.9
00-0035100,Jake Browning,TB,QB,40,QB40,48.6
00-0035993,Tyler Huntley,BAL,QB,41,QB41,40.8
00-0038128,Malik Willis,MIA,QB,42,QB42,38.7
00-0033869,Mitchell Trubisky,TEN,QB,43,QB43,38.3
00-0027973,Andy Dalton,PHI,QB,44,QB44,34.2
00-0038102,Kenny Pickett,CAR,QB,45,QB45,24.7
00-0028118,Tyrod Taylor,GB,QB,46,QB46,23.7
00-0035289,Gardner Minshew,AZ,QB,47,QB47,20.5
00-0033319,Nick Mullens,JAX,QB,48,QB48,9.1
00-0032434,Brandon Allen,NYG,QB,49,QB49,7.4
00-0026300,Josh Johnson,CIN,QB,50,QB50,6.3
00-0034577,Kyle Allen,BUF,QB,51,QB51,-14.9
00-0033280,Christian McCaffrey,SF,RB,1,RB1,259.8
00-0036223,Jonathan Taylor,IND,RB,2,RB2,240.0
00-0037248,James Cook,BUF,RB,3,RB3,215.7
00-0038542,Bijan Robinson,ATL,RB,4,RB4,205.8
00-0034844,Saquon Barkley,PHI,RB,5,RB5,196.5
00-0036997,Javonte Williams,DAL,RB,6,RB6,195.6
00-0039139,Jahmyr Gibbs,DET,RB,7,RB7,194.4
00-0032764,Derrick Henry,BAL,RB,8,RB8,189.3
00-0035700,Josh Jacobs,GB,RB,9,RB9,188.5
00-0038120,Breece Hall,NYJ,RB,10,RB10,187.4
00-0036275,D'Andre Swift,CHI,RB,11,RB11,181.6
00-0037840,Kyren Williams,LA,RB,12,RB12,181.4
00-0039040,De'Von Achane,MIA,RB,13,RB13,180.2
00-0036973,Travis Etienne,NO,RB,14,RB14,167.1
00-0038597,Chase Brown,CIN,RB,15,RB15,145.8
00-0035261,Tony Pollard,TEN,RB,16,RB16,144.5
00-0037228,Jaylen Warren,PIT,RB,17,RB17,143.1
00-0038134,Kenneth Walker III,KC,RB,18,RB18,142.3
00-0036158,J.K. Dobbins,DEN,RB,19,RB19,140.1
00-0036875,Rhamondre Stevenson,NE,RB,20,RB20,131.6
00-0039165,Zach Charbonnet,SEA,RB,21,RB21,130.0
00-0033906,Alvin Kamara,NO,RB,22,RB22,127.0
00-0036139,Rico Dowdle,PIT,RB,23,RB23,123.9
00-0036555,Chuba Hubbard,CAR,RB,24,RB24,116.0
00-0036919,Kenny Gainwell,TB,RB,25,RB25,114.3
00-0039032,Tyjae Spears,TEN,RB,26,RB26,108.2
00-0033293,Aaron Jones,MIN,RB,27,RB27,106.5
00-0035685,David Montgomery,HOU,RB,28,RB28,104.8
00-0037256,Rachaad White,WAS,RB,29,RB29,99.1
00-0037525,Jordan Mason,MIN,RB,30,RB30,94.9
00-0038551,Kendre Miller,NO,RB,31,RB31,93.3
00-0035250,Devin Singletary,NYG,RB,32,RB32,89.8
00-0038555,Tank Bigsby,PHI,RB,33,RB33,86.8
00-0036924,Michael Carter,TEN,RB,34,RB34,75.6
00-0034975,Justice Hill,BAL,RB,35,RB35,75.1
00-0033553,James Conner,AZ,RB,36,RB36,70.5
00-0039021,Roschon Johnson,CHI,RB,37,RB37,70.2
00-0037263,Tyler Allgeier,AZ,RB,38,RB38,70.1
00-0033526,Samaje Perine,CIN,RB,39,RB39,69.3
00-0038951,Sean Tucker,TB,RB,40,RB40,68.1
00-0038794,Jaleel McLaughlin,DEN,RB,41,RB41,64.4
00-0036755,Jaret Patterson,LAC,RB,42,RB42,63.8
00-0037157,Bam Knight,AZ,RB,43,RB43,59.7
00-0035537,Ty Johnson,BUF,RB,44,RB44,59.4
00-0037563,Malik Davis,DAL,RB,45,RB45,59.3
00-0038611,Chris Rodriguez Jr.,JAX,RB,46,RB46,59.1
00-0037746,Brian Robinson,ATL,RB,47,RB47,52.1
00-0033955,Jeremy McNichols,WAS,RB,48,RB48,51.9
00-0038454,Keaton Mitchell,LAC,RB,49,RB49,50.0
00-0038797,Emanuel Wilson,SEA,RB,50,RB50,49.8
00-0037197,Isiah Pacheco,DET,RB,51,RB51,49.4
00-0038705,Emari Demercado,KC,RB,52,RB52,48.0
00-0038738,Hunter Luepke,DAL,RB,53,RB53,47.1
00-0036265,AJ Dillon,CAR,RB,54,RB54,45.0
00-0038685,Chris Brooks,GB,RB,55,RB55,44.9
00-0038396,Eric Gray,NYG,RB,56,RB56,42.2
00-0037085,Tyler Badie,DEN,RB,57,RB57,39.0
00-0036425,DeeJay Dallas,JAX,RB,58,RB58,36.5
00-0038488,Brady Russell,SEA,RB,59,RB59,34.9
00-0037267,Jerome Ford,WAS,RB,60,RB60,33.6
00-0036842,Kene Nwangwu,NYJ,RB,61,RB61,27.7
00-0037557,Ronnie Rivers,LA,RB,62,RB62,23.8
00-0032104,Ameer Abdullah,JAX,RB,63,RB63,23.1
00-0036567,Elijah Mitchell,PHI,RB,64,RB64,22.6
00-0037276,Ty Chandler,NO,RB,65,RB65,19.6
00-0037594,Julius Chestnut,TEN,RB,66,RB66,17.2
00-0037258,Dameon Pierce,PHI,RB,67,RB67,16.1
00-0037120,Tyler Goodson,ATL,RB,68,RB68,15.1
00-0038678,Jordan Mims,SF,RB,69,RB69,13.8
00-0036569,Gary Brightwell,CIN,RB,70,RB70,12.1
00-0033376,Patrick Ricard,NYG,RB,71,RB71,-23.6
00-0036187,Reggie Gilliam,NE,RB,72,RB72,-23.9
00-0035594,Travis Homer,PIT,RB,73,RB73,-31.8
00-0037744,Trey McBride,AZ,TE,1,TE1,216.8
00-0036970,Kyle Pitts,ATL,TE,2,TE2,167.6
00-0030506,Travis Kelce,KC,TE,3,TE3,154.8
00-0033090,Hunter Henry,NE,TE,4,TE4,148.1
00-0033288,George Kittle,SF,TE,5,TE5,142.1
00-0036040,Juwan Johnson,NO,TE,6,TE6,137.9
00-0034351,Dallas Goedert,PHI,TE,7,TE7,137.2
00-0038041,Jake Ferguson,DAL,TE,8,TE8,135.8
00-0034383,Dalton Schultz,HOU,TE,9,TE9,124.5
00-0038129,Cade Otton,TB,TE,10,TE10,124.3
00-0037809,Chig Okonkwo,WAS,TE,11,TE11,112.4
00-0034753,Mark Andrews,BAL,TE,12,TE12,110.0
00-0035229,T.J. Hockenson,MIN,TE,13,TE13,106.6
00-0036894,Pat Freiermuth,PIT,TE,14,TE14,99.4
00-0033881,Evan Engram,DEN,TE,15,TE15,90.2
00-0033885,David Njoku,LAC,TE,16,TE16,89.9
00-0036244,Colby Parkinson,LA,TE,17,TE17,81.9
00-0038935,Brenton Strange,JAX,TE,18,TE18,81.3
00-0038933,Dalton Kincaid,BUF,TE,19,TE19,80.3
00-0036290,Cole Kmet,CHI,TE,20,TE20,73.5
00-0039065,Sam LaPorta,DET,TE,21,TE21,71.2
00-0037838,Isaiah Likely,NYG,TE,22,TE22,71.2
00-0038996,Tucker Kraft,GB,TE,23,TE23,71.2
00-0035689,Dawson Knox,BUF,TE,24,TE24,68.8
00-0034829,Mike Gesicki,CIN,TE,25,TE25,68.6
00-0038558,Darnell Washington,PIT,TE,26,TE26,59.1
00-0035644,Noah Fant,NO,TE,27,TE27,57.4
00-0036637,Noah Gray,KC,TE,28,TE28,57.4
00-0037112,Jake Tonges,SF,TE,29,TE29,57.1
00-0037005,Tommy Tremble,CAR,TE,30,TE30,56.4
00-0032392,Austin Hooper,ATL,TE,31,TE31,54.3
00-0039144,Luke Musgrave,GB,TE,32,TE32,52.3
00-0036423,Albert Okwuegbunam,LV,TE,33,TE33,52.2
00-0038115,Daniel Bellinger,TEN,TE,34,TE34,50.8
00-0039066,Michael Mayer,LV,TE,35,TE35,50.7
00-0033110,Tyler Higbee,LA,TE,36,TE36,50.6
00-0037252,Greg Dulcich,MIA,TE,37,TE37,50.4
00-0035249,Josh Oliver,MIN,TE,38,TE38,49.7
00-0039074,Davis Allen,LA,TE,39,TE39,46.0
00-0036422,Adam Trautman,DEN,TE,40,TE40,45.7
00-0037805,Jeremy Ruckert,NYJ,TE,41,TE41,44.9
00-0039041,Elijah Higgins,AZ,TE,42,TE42,43.3
00-0037282,James Mitchell,CAR,TE,43,TE43,41.6
00-0038394,Will Mallory,IND,TE,44,TE44,36.8
00-0036754,Brock Wright,DET,TE,45,TE45,35.8
00-0034613,Tanner Hudson,CIN,TE,46,TE46,35.1
00-0038046,Charlie Kolar,LAC,TE,47,TE47,34.3
00-0034270,Tyler Conklin,DET,TE,48,TE48,34.1
00-0038547,Luke Schoonmaker,DAL,TE,49,TE49,33.9
00-0038720,Julian Hill,NE,TE,50,TE50,33.5
00-0036628,John Bates,WAS,TE,51,TE51,33.4
00-0037539,Lucas Krull,DEN,TE,52,TE52,31.6
00-0038589,Josh Whyle,GB,TE,53,TE53,31.5
00-0037004,Hunter Long,JAX,TE,54,TE54,31.1
00-0037086,Grant Calcaterra,PHI,TE,55,TE55,30.8
00-0039050,Payne Durham,TB,TE,56,TE56,30.6
00-0037277,Teagan Quitoriano,AZ,TE,57,TE57,29.8
00-0038783,Nate Adkins,DEN,TE,58,TE58,29.7
00-0036534,Shane Zylstra,BUF,TE,59,TE59,29.3
00-0036887,Luke Farrell,SF,TE,60,TE60,29.2
00-0038809,Ben Sims,MIA,TE,61,TE61,28.9
00-0035631,Drew Sample,CIN,TE,62,TE62,28.5
00-0038643,Brayden Willis,SF,TE,63,TE63,28.0
00-0037292,Andrew Ogletree,IND,TE,64,TE64,27.9
00-0037348,Tanner Conner,NYG,TE,65,TE65,26.9
00-0033757,Robert Tonyan,PIT,TE,66,TE66,25.4
00-0034365,Ian Thomas,LV,TE,67,TE67,25.3
00-0033217,Mo Alie-Cox,IND,TE,68,TE68,25.2
00-0034981,Foster Moreau,HOU,TE,69,TE69,25.0
00-0033246,Johnny Mundt,PHI,TE,70,TE70,19.4
00-0033455,Anthony Firkser,WAS,TE,71,TE71,17.8
00-0036876,Kylen Granson,TEN,TE,72,TE72,17.4
00-0036232,Harrison Bryant,SEA,TE,73,TE73,16.7
00-0036429,Charlie Woerner,ATL,TE,74,TE74,16.0
00-0036741,Jack Stoll,CLE,TE,75,TE75,15.1
00-0036590,Quintin Morris,JAX,TE,76,TE76,14.9
00-0034798,Durham Smythe,BAL,TE,77,TE77,14.4
00-0037475,Stone Smartt,PHI,TE,78,TE78,14.3
00-0033576,Eric Saubert,SEA,TE,79,TE79,10.9
00-0037311,Ko Kieft,TB,TE,80,TE80,10.8
00-0031484,Chris Manhertz,NYG,TE,81,TE81,8.4
00-0036825,Feleipe Franks,CAR,TE,82,TE82,6.9
00-0036900,Ja'Marr Chase,CIN,WR,1,WR1,299.7
00-0036963,Amon-Ra St. Brown,DET,WR,2,WR2,274.4
00-0038543,Jaxon Smith-Njigba,SEA,WR,3,WR3,272.6
00-0039075,Puka Nacua,LA,WR,4,WR4,242.1
00-0036322,Justin Jefferson,MIN,WR,5,WR5,223.1
00-0037238,Drake London,ATL,WR,6,WR6,217.9
00-0037247,George Pickens,DAL,WR,7,WR7,204.5
00-0039064,Zay Flowers,BAL,WR,8,WR8,203.8
00-0037240,Jameson Williams,DET,WR,9,WR9,197.9
00-0036358,CeeDee Lamb,DAL,WR,10,WR10,197.7
00-0036554,Nico Collins,HOU,WR,11,WR11,197.7
00-0037239,Chris Olave,NO,WR,12,WR12,196.0
00-0036912,DeVonta Smith,PHI,WR,13,WR13,186.9
00-0036410,Tee Higgins,CIN,WR,14,WR14,185.4
00-0035676,A.J. Brown,NE,WR,15,WR15,182.4
00-0038117,Wan'Dale Robinson,TEN,WR,16,WR16,172.9
00-0034348,Courtland Sutton,DEN,WR,17,WR17,169.6
00-0031381,Davante Adams,LA,WR,18,WR18,165.4
00-0037664,Alec Pierce,IND,WR,19,WR19,164.5
00-0037740,Garrett Wilson,NYJ,WR,20,WR20,159.8
00-0035640,DK Metcalf,PIT,WR,21,WR21,158.8
00-0036613,Jaylen Waddle,DEN,WR,22,WR22,153.7
00-0037261,Khalil Shakir,BUF,WR,23,WR23,153.6
00-0034960,Jakobi Meyers,JAX,WR,24,WR24,150.3
00-0038559,Michael Wilson,AZ,WR,25,WR25,150.1
00-0038606,Parker Washington,JAX,WR,26,WR26,149.6
00-0038544,Quentin Johnston,LAC,WR,27,WR27,148.3
00-0035659,Terry McLaurin,WAS,WR,28,WR28,147.4
00-0038563,Tre Tucker,LV,WR,29,WR29,145.4
00-0036407,Jerry Jeudy,CLE,WR,30,WR30,145.3
00-0038994,Jordan Addison,MIN,WR,31,WR31,142.0
00-0039067,Rashee Rice,KC,WR,32,WR32,140.2
00-0036252,Michael Pittman,PIT,WR,33,WR33,136.6
00-0034827,DJ Moore,BUF,WR,34,WR34,135.4
00-0036259,Jauan Jennings,MIN,WR,35,WR35,131.4
00-0037816,Romeo Doubs,NE,WR,36,WR36,130.0
00-0038124,Christian Watson,GB,WR,37,WR37,129.8
00-0038997,Josh Downs,IND,WR,38,WR38,126.8
00-0038608,Kayshon Boutte,NE,WR,39,WR39,112.4
00-0037545,Rashid Shaheed,SEA,WR,40,WR40,107.7
00-0031408,Mike Evans,SF,WR,41,WR41,103.3
00-0033908,Cooper Kupp,SEA,WR,42,WR42,99.5
00-0036550,Rashod Bateman,BAL,WR,43,WR43,99.0
00-0033921,Chris Godwin Jr.,TB,WR,44,WR44,98.7
00-0038976,Marvin Mims Jr.,DEN,WR,45,WR45,97.0
00-0038618,Xavier Hutchinson,HOU,WR,46,WR46,88.5
00-0038621,DeMario Douglas,NE,WR,47,WR47,88.2
00-0036309,Darnell Mooney,NYG,WR,48,WR48,85.7
00-0038619,Andrei Iosivas,CIN,WR,49,WR49,81.8
00-0035535,Darius Slayton,NYG,WR,50,WR50,81.1
00-0038104,Tyquan Thornton,KC,WR,51,WR51,79.4
00-0035662,Marquise Brown,PHI,WR,52,WR52,79.1
00-0033555,Mack Hollins,NE,WR,53,WR53,78.3
00-0037291,Jalen Nailor,LV,WR,54,WR54,78.0
00-0039146,Jayden Reed,GB,WR,55,WR55,76.3
00-0038979,Cedric Tillman,CLE,WR,56,WR56,75.4
00-0038393,Dontayvion Wicks,PHI,WR,57,WR57,74.7
00-0034837,Calvin Ridley,TEN,WR,58,WR58,73.5
00-0037837,Calvin Austin III,NYG,WR,59,WR59,72.9
00-0036988,Josh Palmer,BUF,WR,60,WR60,70.7
00-0037614,John Metchie III,CAR,WR,61,WR61,69.4
00-0037666,Jalen Tolbert,MIA,WR,62,WR62,58.3
00-0037801,KaVontae Turpin,DAL,WR,63,WR63,56.3
00-0035208,Olamide Zaccheaus,ATL,WR,64,WR64,55.6
00-0037742,Treylon Burks,WAS,WR,65,WR65,49.9
00-0032775,Demarcus Robinson,SF,WR,66,WR66,48.0
00-0036626,Dyami Brown,WAS,WR,67,WR67,47.5
00-0038938,Jalin Hyatt,NYG,WR,68,WR68,46.8
00-0034775,Christian Kirk,SF,WR,69,WR69,44.0
00-0036849,Tutu Atwell,MIA,WR,70,WR70,42.1
00-0036415,Van Jefferson,WAS,WR,71,WR71,42.0
00-0035500,Greg Dortch,DET,WR,72,WR72,41.8
00-0037741,Jahan Dotson,ATL,WR,73,WR73,41.3
00-0036980,Elijah Moore,PHI,WR,74,WR74,41.1
00-0033307,Kendrick Bourne,AZ,WR,75,WR75,41.0
00-0036165,Isaiah Hodgins,NYG,WR,76,WR76,39.6
00-0033857,JuJu Smith-Schuster,NYG,WR,77,WR77,39.6
00-0035406,Lil'Jordan Humphrey,DEN,WR,78,WR78,39.2
00-0039062,Jonathan Mingo,DAL,WR,79,WR79,36.7
00-0036427,Tyler Johnson,DAL,WR,80,WR80,34.2
00-0038647,Ronnie Bell,NO,WR,81,WR81,34.0
00-0038573,Derius Davis,LAC,WR,82,WR82,30.5
00-0036182,Nick Westbrook-Ikhine,IND,WR,83,WR83,24.2
00-0035645,Gunner Olszewski,NYG,WR,84,WR84,23.7
00-0035891,Cody White,SEA,WR,85,WR85,22.4
00-0035359,David Sills,TB,WR,86,WR86,20.7
00-0035140,Mecole Hardman,BUF,WR,87,WR87,19.2
00-0036959,Michael Bandy,DEN,WR,88,WR88,17.9
00-0034386,Justin Watson,HOU,WR,89,WR89,17.5
00-0038090,Skyy Moore,GB,WR,90,WR90,16.9
00-0037745,Velus Jones Jr.,SEA,WR,91,WR91,16.9
00-0035639,Parris Campbell,DAL,WR,92,WR92,16.6
00-0034272,Marquez Valdes-Scantling,DAL,WR,93,WR93,16.6
00-0036841,Austin Trammell,JAX,WR,94,WR94,16.5
00-0032464,Kalif Raymond,CHI,WR,95,WR95,15.9
00-0038640,Jalen Brooks,AZ,WR,96,WR96,15.2
00-0036630,Tylan Wallace,CLE,WR,97,WR97,14.9
00-0038576,Charlie Jones,CIN,WR,98,WR98,14.8
00-0036176,Mason Kinsey,TEN,WR,99,WR99,12.4
00-0038752,Jake Bobo,SEA,WR,100,WR100,12.4
00-0030035,Adam Thielen,MIN,WR,101,WR101,12.2
00-0033375,Tim Patrick,NYJ,WR,102,WR102,11.0
00-0036497,Tim Jones,JAX,WR,103,WR103,9.7
00-0036862,Ben Skowronek,PIT,WR,104,WR104,8.9
00-0035021,Ashton Dulin,IND,WR,105,WR105,8.8
00-0035298,Scott Miller,CHI,WR,106,WR106,8.7
00-0033589,David Moore,CAR,WR,107,WR107,6.2
00-0038496,Xavier Gipson,NYG,WR,108,WR108,6.0
00-0032951,Laquon Treadwell,IND,WR,109,WR109,5.3
00-0037132,Britain Covey,PHI,WR,110,WR110,4.3
00-0037093,Dareke Young,LV,WR,111,WR111,3.7
00-0035544,Tom Kennedy,DET,WR,112,WR112,3.1
00-0034418,Cedrick Wilson Jr.,DET,WR,113,WR113,0.1
00-0037098,Samori Toure,PHI,WR,114,WR114,-0.1
00-0034867,Malik Turner,SF,WR,115,WR115,-5.6
00-0036646,Simi Fehoko,AZ,WR,116,WR116,-6.4
00-0034419,Braxton Berrios,NYG,WR,117,WR117,-7.5
00-0036331,Devin Duvernay,AZ,WR,118,WR118,-9.0
00-0034487,Trent Sherfield,BUF,WR,119,WR119,-14.9
